id,employeeID,documentType,document
1,13,zajava,
2,116,zajava,
3,145,dovidka,
4,45,nakaz,
5,974,nakaz,
6,549,nakaz,
7,729,nakaz,
8,151,dovidka,
9,34,dovidka,
10,63,nakaz,
11,237,dovidka,
12,750,zajava,
13,539,zajava,
14,210,dovidka,
15,96,nakaz,
16,21,zajava,
17,350,nakaz,
18,211,zajava,
19,402,zajava,
20,612,nakaz,
21,216,dovidka,
22,223,zajava,
23,599,dovidka,
24,561,nakaz,
25,977,nakaz,
26,859,nakaz,
27,365,nakaz,
28,209,nakaz,
29,857,zajava,
30,32,nakaz,
31,753,dovidka,
32,890,zajava,
33,667,nakaz,
34,213,zajava,
35,748,zajava,
36,199,zajava,
37,657,nakaz,
38,494,nakaz,
39,270,zajava,
40,301,zajava,
41,586,zajava,
42,494,dovidka,
43,667,zajava,
44,985,nakaz,
45,1000,dovidka,
46,1018,nakaz,
47,809,zajava,
48,918,nakaz,
49,574,dovidka,
50,959,dovidka,
51,859,dovidka,
52,303,nakaz,
53,178,nakaz,
54,30,dovidka,
55,384,dovidka,
56,980,nakaz,
57,686,zajava,
58,292,zajava,
59,665,nakaz,
60,117,zajava,
61,208,zajava,
62,456,zajava,
63,808,nakaz,
64,576,dovidka,
65,121,zajava,
66,102,dovidka,
67,123,nakaz,
68,206,zajava,
69,167,dovidka,
70,1014,nakaz,
71,488,nakaz,
72,511,dovidka,
73,808,dovidka,
74,285,zajava,
75,1006,dovidka,
76,503,dovidka,
77,605,nakaz,
78,876,nakaz,
79,498,nakaz,
80,817,dovidka,
81,621,dovidka,
82,510,nakaz,
83,261,zajava,
84,784,zajava,
85,358,nakaz,
86,12,nakaz,
87,385,dovidka,
88,290,zajava,
89,181,nakaz,
90,136,nakaz,
91,581,dovidka,
92,52,dovidka,
93,909,nakaz,
94,808,nakaz,
95,970,zajava,
96,706,nakaz,
97,568,zajava,
98,572,dovidka,
99,526,dovidka,
100,727,dovidka,
101,412,nakaz,
102,537,nakaz,
103,735,dovidka,
104,473,zajava,
105,735,zajava,
106,334,nakaz,
107,381,nakaz,
108,536,zajava,
109,763,nakaz,
110,966,zajava,
111,707,zajava,
112,594,nakaz,
113,44,dovidka,
114,122,dovidka,
115,436,nakaz,
116,145,nakaz,
117,390,zajava,
118,210,zajava,
119,912,dovidka,
120,315,dovidka,
121,602,nakaz,
122,942,zajava,
123,753,nakaz,
124,34,zajava,
125,630,zajava,
126,266,dovidka,
127,208,zajava,
128,834,dovidka,
129,373,nakaz,
130,411,nakaz,
131,838,zajava,
132,394,dovidka,
133,204,nakaz,
134,220,zajava,
135,354,zajava,
136,715,zajava,
137,116,nakaz,
138,68,nakaz,
139,907,dovidka,
140,711,zajava,
141,910,zajava,
142,463,dovidka,
143,285,dovidka,
144,186,zajava,
145,35,nakaz,
146,495,nakaz,
147,305,zajava,
148,852,nakaz,
149,1005,nakaz,
150,284,zajava,
151,280,zajava,
152,308,nakaz,
153,594,zajava,
154,414,nakaz,
155,245,dovidka,
156,146,dovidka,
157,554,zajava,
158,871,nakaz,
159,687,dovidka,
160,725,nakaz,
161,22,zajava,
162,929,dovidka,
163,505,zajava,
164,690,zajava,
165,532,zajava,
166,317,zajava,
167,408,dovidka,
168,219,dovidka,
169,908,nakaz,
170,786,zajava,
171,50,dovidka,
172,249,dovidka,
173,246,nakaz,
174,869,zajava,
175,701,zajava,
176,280,nakaz,
177,816,dovidka,
178,64,zajava,
179,255,dovidka,
180,504,zajava,
181,145,nakaz,
182,317,zajava,
183,818,nakaz,
184,957,zajava,
185,231,dovidka,
186,883,zajava,
187,560,nakaz,
188,79,nakaz,
189,506,zajava,
190,451,zajava,
191,492,zajava,
192,684,dovidka,
193,4,dovidka,
194,847,dovidka,
195,666,zajava,
196,241,nakaz,
197,1017,nakaz,
198,477,zajava,
199,59,dovidka,
200,402,zajava,
201,634,zajava,
202,208,zajava,
203,225,nakaz,
204,701,zajava,
205,40,dovidka,
206,423,zajava,
207,770,zajava,
208,140,dovidka,
209,806,dovidka,
210,529,zajava,
211,439,nakaz,
212,570,zajava,
213,804,nakaz,
214,465,nakaz,
215,141,dovidka,
216,315,dovidka,
217,892,nakaz,
218,129,dovidka,
219,391,zajava,
220,235,zajava,
221,350,zajava,
222,983,zajava,
223,794,zajava,
224,855,zajava,
225,613,zajava,
226,841,dovidka,
227,431,zajava,
228,71,nakaz,
229,668,nakaz,
230,919,zajava,
231,833,nakaz,
232,120,nakaz,
233,726,zajava,
234,273,dovidka,
235,799,zajava,
236,443,nakaz,
237,81,dovidka,
238,97,zajava,
239,820,dovidka,
240,892,zajava,
241,489,zajava,
242,147,dovidka,
243,447,zajava,
244,160,nakaz,
245,262,dovidka,
246,330,zajava,
247,873,zajava,
248,563,nakaz,
249,793,zajava,
250,124,dovidka,
251,725,dovidka,
252,838,dovidka,
253,906,nakaz,
254,565,dovidka,
255,607,dovidka,
256,786,nakaz,
257,271,nakaz,
258,558,zajava,
259,806,zajava,
260,609,zajava,
261,556,zajava,
262,877,dovidka,
263,999,dovidka,
264,266,dovidka,
265,77,dovidka,
266,629,nakaz,
267,153,dovidka,
268,993,nakaz,
269,486,dovidka,
270,739,dovidka,
271,891,dovidka,
272,146,zajava,
273,465,nakaz,
274,177,zajava,
275,525,nakaz,
276,699,dovidka,
277,365,zajava,
278,500,nakaz,
279,844,zajava,
280,345,nakaz,
281,512,zajava,
282,680,nakaz,
283,738,nakaz,
284,495,zajava,
285,166,nakaz,
286,725,nakaz,
287,756,zajava,
288,606,zajava,
289,355,nakaz,
290,806,nakaz,
291,772,dovidka,
292,615,zajava,
293,834,nakaz,
294,67,nakaz,
295,20,nakaz,
296,869,zajava,
297,581,nakaz,
298,244,nakaz,
299,380,zajava,
300,426,zajava,
301,529,nakaz,
302,987,zajava,
303,410,nakaz,
304,67,nakaz,
305,414,nakaz,
306,527,zajava,
307,166,dovidka,
308,38,zajava,
309,77,dovidka,
310,148,zajava,
311,998,zajava,
312,883,dovidka,
313,751,nakaz,
314,334,nakaz,
315,256,dovidka,
316,484,zajava,
317,535,zajava,
318,438,dovidka,
319,1017,dovidka,
320,170,zajava,
321,729,nakaz,
322,647,dovidka,
323,247,nakaz,
324,582,nakaz,
325,153,dovidka,
326,708,dovidka,
327,666,dovidka,
328,108,zajava,
329,676,nakaz,
330,503,nakaz,
331,353,zajava,
332,165,zajava,
333,479,dovidka,
334,375,nakaz,
335,285,dovidka,
336,366,dovidka,
337,981,zajava,
338,992,zajava,
339,352,dovidka,
340,662,zajava,
341,206,zajava,
342,425,dovidka,
343,553,dovidka,
344,43,nakaz,
345,475,dovidka,
346,345,dovidka,
347,825,dovidka,
348,974,zajava,
349,432,nakaz,
350,523,dovidka,
351,719,dovidka,
352,972,dovidka,
353,877,zajava,
354,503,dovidka,
355,538,dovidka,
356,29,nakaz,
357,246,dovidka,
358,705,nakaz,
359,1002,zajava,
360,966,zajava,
361,772,zajava,
362,286,nakaz,
363,464,nakaz,
364,163,zajava,
365,618,nakaz,
366,402,nakaz,
367,702,zajava,
368,981,nakaz,
369,131,dovidka,
370,674,dovidka,
371,617,dovidka,
372,281,zajava,
373,37,zajava,
374,962,zajava,
375,712,dovidka,
376,882,nakaz,
377,27,zajava,
378,409,nakaz,
379,477,dovidka,
380,570,nakaz,
381,457,nakaz,
382,977,dovidka,
383,479,dovidka,
384,694,zajava,
385,792,zajava,
386,956,nakaz,
387,74,zajava,
388,380,nakaz,
389,621,zajava,
390,382,zajava,
391,903,nakaz,
392,122,nakaz,
393,260,dovidka,
394,71,nakaz,
395,687,nakaz,
396,499,nakaz,
397,312,dovidka,
398,451,nakaz,
399,260,nakaz,
400,727,nakaz,
401,778,dovidka,
402,391,dovidka,
403,890,nakaz,
404,46,nakaz,
405,580,nakaz,
406,158,zajava,
407,121,zajava,
408,572,nakaz,
409,90,nakaz,
410,77,nakaz,
411,331,zajava,
412,800,zajava,
413,334,nakaz,
414,842,zajava,
415,837,dovidka,
416,1021,nakaz,
417,890,nakaz,
418,899,zajava,
419,864,dovidka,
420,905,zajava,
421,230,dovidka,
422,482,dovidka,
423,911,nakaz,
424,578,dovidka,
425,661,nakaz,
426,836,nakaz,
427,714,dovidka,
428,849,zajava,
429,1020,dovidka,
430,532,nakaz,
431,639,nakaz,
432,152,nakaz,
433,466,nakaz,
434,586,dovidka,
435,618,nakaz,
436,708,dovidka,
437,402,dovidka,
438,600,zajava,
439,85,zajava,
440,494,zajava,
441,542,zajava,
442,678,dovidka,
443,619,zajava,
444,518,zajava,
445,100,zajava,
446,574,nakaz,
447,155,zajava,
448,2,nakaz,
449,835,nakaz,
450,119,zajava,
451,138,dovidka,
452,796,nakaz,
453,695,zajava,
454,862,dovidka,
455,822,nakaz,
456,721,zajava,
457,20,zajava,
458,686,zajava,
459,407,zajava,
460,296,dovidka,
461,729,zajava,
462,216,zajava,
463,202,nakaz,
464,713,dovidka,
465,700,zajava,
466,592,zajava,
467,884,dovidka,
468,658,zajava,
469,557,nakaz,
470,962,dovidka,
471,909,nakaz,
472,573,zajava,
473,735,nakaz,
474,884,dovidka,
475,40,dovidka,
476,307,zajava,
477,717,dovidka,
478,527,zajava,
479,611,zajava,
480,264,zajava,
481,970,dovidka,
482,446,dovidka,
483,605,nakaz,
484,644,dovidka,
485,842,dovidka,
486,992,nakaz,
487,1020,zajava,
488,948,dovidka,
489,325,nakaz,
490,533,dovidka,
491,315,zajava,
492,381,zajava,
493,974,nakaz,
494,740,zajava,
495,33,dovidka,
496,644,nakaz,
497,1009,nakaz,
498,610,dovidka,
499,766,zajava,
500,224,zajava,
501,436,dovidka,
502,933,zajava,
503,446,dovidka,
504,329,dovidka,
505,755,nakaz,
506,109,dovidka,
507,849,dovidka,
508,53,nakaz,
509,635,nakaz,
510,919,nakaz,
511,394,nakaz,
512,445,dovidka,
513,529,dovidka,
514,498,dovidka,
515,283,dovidka,
516,175,dovidka,
517,997,nakaz,
518,560,dovidka,
519,245,zajava,
520,933,zajava,
521,429,dovidka,
522,1009,nakaz,
523,524,zajava,
524,260,nakaz,
525,900,nakaz,
526,750,zajava,
527,592,dovidka,
528,101,zajava,
529,412,dovidka,
530,523,dovidka,
531,153,dovidka,
532,628,zajava,
533,640,nakaz,
534,768,zajava,
535,658,nakaz,
536,661,dovidka,
537,435,dovidka,
538,875,nakaz,
539,451,dovidka,
540,750,nakaz,
541,573,dovidka,
542,564,dovidka,
543,984,dovidka,
544,294,nakaz,
545,476,nakaz,
546,474,nakaz,
547,709,zajava,
548,523,zajava,
549,936,zajava,
550,187,dovidka,
551,261,dovidka,
552,421,nakaz,
553,957,nakaz,
554,332,nakaz,
555,837,nakaz,
556,695,zajava,
557,5,nakaz,
558,383,zajava,
559,32,dovidka,
560,309,zajava,
561,496,nakaz,
562,376,nakaz,
563,237,dovidka,
564,251,nakaz,
565,390,zajava,
566,859,nakaz,
567,672,zajava,
568,852,dovidka,
569,975,zajava,
570,277,zajava,
571,969,nakaz,
572,916,zajava,
573,507,zajava,
574,139,zajava,
575,546,zajava,
576,877,nakaz,
577,252,zajava,
578,736,zajava,
579,778,dovidka,
580,583,zajava,
581,814,dovidka,
582,262,dovidka,
583,879,dovidka,
584,911,zajava,
585,545,nakaz,
586,282,zajava,
587,234,nakaz,
588,616,nakaz,
589,211,zajava,
590,803,dovidka,
591,502,nakaz,
592,461,dovidka,
593,58,nakaz,
594,882,dovidka,
595,213,nakaz,
596,1012,zajava,
597,1005,zajava,
598,896,nakaz,
599,688,zajava,
600,911,zajava,
601,182,zajava,
602,469,dovidka,
603,268,zajava,
604,607,zajava,
605,367,nakaz,
606,793,nakaz,
607,849,dovidka,
608,781,zajava,
609,612,nakaz,
610,1015,nakaz,
611,697,dovidka,
612,246,dovidka,
613,472,nakaz,
614,399,dovidka,
615,385,zajava,
616,545,dovidka,
617,580,nakaz,
618,359,dovidka,
619,523,nakaz,
620,504,zajava,
621,667,nakaz,
622,964,zajava,
623,762,dovidka,
624,311,dovidka,
625,876,zajava,
626,288,nakaz,
627,988,nakaz,
628,922,zajava,
629,418,nakaz,
630,703,dovidka,
631,604,dovidka,
632,291,nakaz,
633,828,dovidka,
634,978,zajava,
635,658,nakaz,
636,925,dovidka,
637,987,dovidka,
638,656,zajava,
639,957,dovidka,
640,205,nakaz,
641,1007,nakaz,
642,431,nakaz,
643,453,nakaz,
644,479,nakaz,
645,909,nakaz,
646,46,nakaz,
647,423,dovidka,
648,768,nakaz,
649,187,nakaz,
650,635,zajava,
651,870,zajava,
652,138,zajava,
653,192,dovidka,
654,313,dovidka,
655,530,dovidka,
656,261,nakaz,
657,527,zajava,
658,355,nakaz,
659,64,zajava,
660,846,dovidka,
661,555,dovidka,
662,923,nakaz,
663,533,zajava,
664,881,dovidka,
665,625,dovidka,
666,508,zajava,
667,370,zajava,
668,1001,dovidka,
669,603,dovidka,
670,972,nakaz,
671,96,dovidka,
672,134,zajava,
673,545,dovidka,
674,933,nakaz,
675,881,nakaz,
676,398,zajava,
677,75,dovidka,
678,998,nakaz,
679,212,zajava,
680,607,nakaz,
681,749,dovidka,
682,655,nakaz,
683,191,zajava,
684,104,zajava,
685,10,dovidka,
686,364,dovidka,
687,628,nakaz,
688,551,nakaz,
689,359,dovidka,
690,123,zajava,
691,175,dovidka,
692,512,dovidka,
693,932,nakaz,
694,528,nakaz,
695,778,dovidka,
696,393,dovidka,
697,965,dovidka,
698,142,dovidka,
699,513,zajava,
700,779,dovidka,
701,872,dovidka,
702,259,zajava,
703,736,dovidka,
704,35,nakaz,
705,23,zajava,
706,565,zajava,
707,360,zajava,
708,865,nakaz,
709,936,zajava,
710,82,dovidka,
711,848,zajava,
712,1016,nakaz,
713,190,dovidka,
714,606,zajava,
715,873,dovidka,
716,445,nakaz,
717,961,nakaz,
718,879,zajava,
719,431,zajava,
720,384,nakaz,
721,337,zajava,
722,280,dovidka,
723,7,zajava,
724,643,dovidka,
725,1,dovidka,
726,305,zajava,
727,848,zajava,
728,1020,zajava,
729,731,dovidka,
730,672,zajava,
731,114,dovidka,
732,245,nakaz,
733,624,dovidka,
734,589,nakaz,
735,237,dovidka,
736,216,dovidka,
737,399,zajava,
738,94,dovidka,
739,889,zajava,
740,470,nakaz,
741,150,zajava,
742,817,zajava,
743,473,dovidka,
744,276,zajava,
745,155,zajava,
746,212,nakaz,
747,21,zajava,
748,662,zajava,
749,451,dovidka,
750,18,dovidka,
751,362,nakaz,
752,331,nakaz,
753,484,dovidka,
754,972,zajava,
755,519,nakaz,
756,1006,zajava,
757,670,dovidka,
758,248,dovidka,
759,971,dovidka,
760,909,nakaz,
761,123,dovidka,
762,212,dovidka,
763,109,nakaz,
764,794,zajava,
765,506,zajava,
766,747,nakaz,
767,202,nakaz,
768,995,zajava,
769,15,zajava,
770,1012,dovidka,
771,496,dovidka,
772,121,dovidka,
773,30,nakaz,
774,718,nakaz,
775,420,nakaz,
776,890,nakaz,
777,679,nakaz,
778,163,zajava,
779,191,nakaz,
780,344,zajava,
781,339,zajava,
782,517,dovidka,
783,440,nakaz,
784,832,zajava,
785,772,zajava,
786,523,zajava,
787,82,dovidka,
788,473,zajava,
789,948,nakaz,
790,24,nakaz,
791,376,dovidka,
792,715,zajava,
793,493,dovidka,
794,264,nakaz,
795,47,zajava,
796,714,nakaz,
797,247,zajava,
798,669,zajava,
799,195,nakaz,
800,400,nakaz,
801,672,zajava,
802,655,zajava,
803,440,zajava,
804,261,zajava,
805,65,nakaz,
806,972,dovidka,
807,813,dovidka,
808,772,dovidka,
809,81,nakaz,
810,13,zajava,
811,241,nakaz,
812,186,dovidka,
813,440,zajava,
814,130,nakaz,
815,169,zajava,
816,817,zajava,
817,579,nakaz,
818,792,zajava,
819,335,nakaz,
820,55,zajava,
821,1009,zajava,
822,64,zajava,
823,29,dovidka,
824,525,zajava,
825,517,nakaz,
826,205,dovidka,
827,523,dovidka,
828,155,nakaz,
829,862,nakaz,
830,20,zajava,
831,720,dovidka,
832,248,zajava,
833,141,nakaz,
834,941,nakaz,
835,497,zajava,
836,79,nakaz,
837,712,nakaz,
838,485,zajava,
839,117,nakaz,
840,794,nakaz,
841,363,nakaz,
842,19,nakaz,
843,489,dovidka,
844,931,zajava,
845,692,zajava,
846,16,dovidka,
847,953,zajava,
848,587,nakaz,
849,657,nakaz,
850,74,nakaz,
851,582,dovidka,
852,7,zajava,
853,654,dovidka,
854,448,dovidka,
855,936,nakaz,
856,174,dovidka,
857,946,dovidka,
858,554,nakaz,
859,764,zajava,
860,633,dovidka,
861,715,dovidka,
862,957,dovidka,
863,844,dovidka,
864,574,zajava,
865,722,nakaz,
866,436,zajava,
867,324,zajava,
868,607,dovidka,
869,508,nakaz,
870,443,dovidka,
871,477,zajava,
872,756,dovidka,
873,433,nakaz,
874,766,dovidka,
875,149,dovidka,
876,147,zajava,
877,873,zajava,
878,841,dovidka,
879,250,zajava,
880,313,nakaz,
881,901,dovidka,
882,604,dovidka,
883,47,dovidka,
884,1022,dovidka,
885,794,dovidka,
886,120,dovidka,
887,838,dovidka,
888,165,zajava,
889,286,nakaz,
890,836,zajava,
891,507,zajava,
892,693,zajava,
893,868,zajava,
894,306,dovidka,
895,1016,dovidka,
896,700,nakaz,
897,227,zajava,
898,546,dovidka,
899,574,zajava,
900,292,nakaz,
901,762,nakaz,
902,508,nakaz,
903,334,nakaz,
904,347,dovidka,
905,152,nakaz,
906,801,zajava,
907,821,nakaz,
908,452,dovidka,
909,500,nakaz,
910,640,nakaz,
911,882,nakaz,
912,974,zajava,
913,736,zajava,
914,704,dovidka,
915,414,zajava,
916,510,dovidka,
917,513,nakaz,
918,619,nakaz,
919,643,nakaz,
920,638,dovidka,
921,513,zajava,
922,130,nakaz,
923,194,dovidka,
924,845,zajava,
925,787,nakaz,
926,749,dovidka,
927,722,nakaz,
928,685,dovidka,
929,175,zajava,
930,491,nakaz,
931,127,nakaz,
932,1012,nakaz,
933,884,nakaz,
934,717,zajava,
935,164,dovidka,
936,469,dovidka,
937,827,nakaz,
938,483,zajava,
939,66,dovidka,
940,32,zajava,
941,283,zajava,
942,962,nakaz,
943,341,zajava,
944,452,nakaz,
945,206,dovidka,
946,900,nakaz,
947,63,nakaz,
948,529,dovidka,
949,664,dovidka,
950,413,zajava,
951,321,nakaz,
952,407,nakaz,
953,4,dovidka,
954,208,dovidka,
955,152,dovidka,
956,148,dovidka,
957,997,dovidka,
958,443,nakaz,
959,435,nakaz,
960,548,nakaz,
961,375,zajava,
962,476,dovidka,
963,391,nakaz,
964,341,zajava,
965,438,dovidka,
966,355,dovidka,
967,5,dovidka,
968,886,nakaz,
969,275,zajava,
970,748,zajava,
971,190,dovidka,
972,997,dovidka,
973,90,nakaz,
974,438,zajava,
975,193,dovidka,
976,425,nakaz,
977,614,dovidka,
978,754,zajava,
979,601,nakaz,
980,637,dovidka,
981,606,zajava,
982,188,dovidka,
983,194,zajava,
984,506,nakaz,
985,354,zajava,
986,713,dovidka,
987,570,nakaz,
988,590,nakaz,
989,146,zajava,
990,585,dovidka,
991,287,nakaz,
992,668,dovidka,
993,197,zajava,
994,663,zajava,
995,972,dovidka,
996,300,zajava,
997,426,dovidka,
998,914,zajava,
999,192,nakaz,
1000,723,zajava,
1001,752,nakaz,
1002,278,zajava,
1003,770,zajava,
1004,120,nakaz,
1005,947,dovidka,
1006,305,nakaz,
1007,750,nakaz,
1008,819,dovidka,
1009,495,zajava,
1010,572,nakaz,
1011,278,zajava,
1012,77,zajava,
1013,342,dovidka,
1014,393,dovidka,
1015,915,zajava,
1016,734,nakaz,
1017,470,dovidka,
1018,565,dovidka,
1019,722,dovidka,
1020,764,nakaz,
1021,777,zajava,
1022,885,zajava,
1023,474,zajava,
1024,426,zajava,
1025,48,zajava,
1026,461,nakaz,
1027,135,dovidka,
1028,489,zajava,
1029,760,dovidka,
1030,294,dovidka,
1031,925,nakaz,
1032,576,nakaz,
1033,18,nakaz,
1034,51,dovidka,
1035,895,nakaz,
1036,230,nakaz,
1037,650,nakaz,
1038,697,zajava,
1039,631,nakaz,
1040,189,zajava,
1041,253,dovidka,
1042,309,nakaz,
1043,826,nakaz,
1044,239,dovidka,
1045,599,zajava,
1046,874,nakaz,
1047,918,zajava,
1048,231,nakaz,
1049,781,dovidka,
1050,896,zajava,
1051,358,dovidka,
1052,339,zajava,
1053,883,zajava,
1054,414,zajava,
1055,510,nakaz,
1056,766,zajava,
1057,747,zajava,
1058,675,zajava,
1059,238,nakaz,
1060,465,nakaz,
1061,77,zajava,
1062,227,dovidka,
1063,475,zajava,
1064,912,dovidka,
1065,888,nakaz,
1066,272,dovidka,
1067,737,zajava,
1068,1009,dovidka,
1069,704,nakaz,
1070,888,zajava,
1071,462,dovidka,
1072,824,nakaz,
1073,628,nakaz,
1074,557,zajava,
1075,471,dovidka,
1076,11,dovidka,
1077,870,dovidka,
1078,276,nakaz,
1079,623,dovidka,
1080,912,nakaz,
1081,31,nakaz,
1082,731,zajava,
1083,849,zajava,
1084,436,dovidka,
1085,156,dovidka,
1086,385,zajava,
1087,130,zajava,
1088,457,dovidka,
1089,259,zajava,
1090,237,dovidka,
1091,966,nakaz,
1092,2,dovidka,
1093,442,nakaz,
1094,1004,zajava,
1095,555,nakaz,
1096,771,nakaz,
1097,118,dovidka,
1098,309,dovidka,
1099,42,dovidka,
1100,137,nakaz,
1101,881,dovidka,
1102,865,nakaz,
1103,665,dovidka,
1104,479,zajava,
1105,280,zajava,
1106,926,dovidka,
1107,730,zajava,
1108,267,dovidka,
1109,504,nakaz,
1110,577,nakaz,
1111,425,zajava,
1112,858,dovidka,
1113,135,zajava,
1114,908,nakaz,
1115,952,nakaz,
1116,317,zajava,
1117,695,zajava,
1118,647,nakaz,
1119,932,nakaz,
1120,424,dovidka,
1121,768,nakaz,
1122,767,nakaz,
1123,497,dovidka,
1124,555,nakaz,
1125,16,nakaz,
1126,323,dovidka,
1127,203,dovidka,
1128,791,nakaz,
1129,140,zajava,
1130,326,nakaz,
1131,584,dovidka,
1132,487,dovidka,
1133,853,dovidka,
1134,490,zajava,
1135,890,zajava,
1136,788,zajava,
1137,812,zajava,
1138,973,nakaz,
1139,676,zajava,
1140,521,dovidka,
1141,341,zajava,
1142,809,nakaz,
1143,298,dovidka,
1144,89,dovidka,
1145,189,dovidka,
1146,246,dovidka,
1147,161,dovidka,
1148,215,dovidka,
1149,907,dovidka,
1150,971,zajava,
1151,668,zajava,
1152,961,zajava,
1153,898,nakaz,
1154,512,dovidka,
1155,75,nakaz,
1156,73,zajava,
1157,953,nakaz,
1158,106,nakaz,
1159,217,zajava,
1160,98,zajava,
1161,716,nakaz,
1162,22,nakaz,
1163,71,zajava,
1164,253,dovidka,
1165,565,dovidka,
1166,330,dovidka,
1167,11,dovidka,
1168,113,dovidka,
1169,359,dovidka,
1170,836,dovidka,
1171,909,zajava,
1172,922,dovidka,
1173,300,nakaz,
1174,29,dovidka,
1175,761,dovidka,
1176,232,zajava,
1177,42,zajava,
1178,652,zajava,
1179,551,zajava,
1180,506,zajava,
1181,251,nakaz,
1182,260,nakaz,
1183,771,dovidka,
1184,26,dovidka,
1185,684,zajava,
1186,592,zajava,
1187,558,dovidka,
1188,116,zajava,
1189,584,dovidka,
1190,999,dovidka,
1191,408,zajava,
1192,815,dovidka,
1193,408,nakaz,
1194,310,nakaz,
1195,748,zajava,
1196,641,dovidka,
1197,997,nakaz,
1198,528,zajava,
1199,603,dovidka,
1200,85,nakaz,
1201,689,nakaz,
1202,361,dovidka,
1203,665,nakaz,
1204,912,dovidka,
1205,614,nakaz,
1206,514,zajava,
1207,277,dovidka,
1208,435,zajava,
1209,477,nakaz,
1210,921,nakaz,
1211,827,zajava,
1212,136,dovidka,
1213,30,dovidka,
1214,261,zajava,
1215,154,nakaz,
1216,990,zajava,
1217,1009,dovidka,
1218,373,nakaz,
1219,606,nakaz,
1220,762,zajava,
1221,271,dovidka,
1222,970,zajava,
1223,271,nakaz,
1224,64,nakaz,
1225,899,nakaz,
1226,71,dovidka,
1227,974,nakaz,
1228,670,zajava,
1229,977,dovidka,
1230,1002,dovidka,
1231,695,nakaz,
1232,7,dovidka,
1233,87,zajava,
1234,817,zajava,
1235,781,nakaz,
1236,551,zajava,
1237,965,nakaz,
1238,507,nakaz,
1239,491,dovidka,
1240,811,nakaz,
1241,717,nakaz,
1242,351,zajava,
1243,66,zajava,
1244,196,dovidka,
1245,584,dovidka,
1246,412,dovidka,
1247,67,zajava,
1248,477,zajava,
1249,81,nakaz,
1250,854,zajava,
1251,626,dovidka,
1252,235,zajava,
1253,205,nakaz,
1254,534,zajava,
1255,505,dovidka,
1256,227,zajava,
1257,971,nakaz,
1258,924,nakaz,
1259,223,dovidka,
1260,870,dovidka,
1261,991,dovidka,
1262,529,dovidka,
1263,968,zajava,
1264,926,dovidka,
1265,822,nakaz,
1266,915,nakaz,
1267,138,nakaz,
1268,987,zajava,
1269,132,nakaz,
1270,234,nakaz,
1271,850,nakaz,
1272,34,nakaz,
1273,845,dovidka,
1274,482,nakaz,
1275,835,dovidka,
1276,408,zajava,
1277,254,dovidka,
1278,652,zajava,
1279,230,dovidka,
1280,404,nakaz,
1281,824,dovidka,
1282,315,zajava,
1283,15,dovidka,
1284,715,zajava,
1285,129,dovidka,
1286,496,nakaz,
1287,608,zajava,
1288,994,nakaz,
1289,750,zajava,
1290,434,dovidka,
1291,235,nakaz,
1292,499,zajava,
1293,82,dovidka,
1294,767,zajava,
1295,279,nakaz,
1296,311,zajava,
1297,735,nakaz,
1298,798,zajava,
1299,830,zajava,
1300,699,dovidka,
1301,7,dovidka,
1302,42,nakaz,
1303,563,dovidka,
1304,368,zajava,
1305,618,nakaz,
1306,344,dovidka,
1307,782,zajava,
1308,2,zajava,
1309,673,nakaz,
1310,435,zajava,
1311,540,zajava,
1312,404,zajava,
1313,275,nakaz,
1314,243,zajava,
1315,428,zajava,
1316,307,dovidka,
1317,452,dovidka,
1318,971,zajava,
1319,172,zajava,
1320,516,zajava,
1321,474,nakaz,
1322,466,nakaz,
1323,163,zajava,
1324,499,dovidka,
1325,572,zajava,
1326,918,zajava,
1327,156,zajava,
1328,130,zajava,
1329,688,nakaz,
1330,205,zajava,
1331,963,dovidka,
1332,982,nakaz,
1333,375,zajava,
1334,301,dovidka,
1335,84,dovidka,
1336,296,nakaz,
1337,43,zajava,
1338,974,dovidka,
1339,9,nakaz,
1340,736,dovidka,
1341,541,zajava,
1342,805,nakaz,
1343,181,zajava,
1344,88,nakaz,
1345,32,zajava,
1346,12,dovidka,
1347,422,dovidka,
1348,432,dovidka,
1349,1014,nakaz,
1350,896,nakaz,
1351,918,zajava,
1352,444,dovidka,
1353,7,zajava,
1354,624,zajava,
1355,922,nakaz,
1356,124,dovidka,
1357,931,dovidka,
1358,998,dovidka,
1359,619,dovidka,
1360,369,nakaz,
1361,132,dovidka,
1362,264,dovidka,
1363,140,dovidka,
1364,145,nakaz,
1365,971,nakaz,
1366,231,nakaz,
1367,322,nakaz,
1368,611,nakaz,
1369,75,dovidka,
1370,1005,zajava,
1371,184,dovidka,
1372,167,nakaz,
1373,348,zajava,
1374,537,dovidka,
1375,904,dovidka,
1376,271,zajava,
1377,230,dovidka,
1378,408,nakaz,
1379,331,dovidka,
1380,451,dovidka,
1381,316,zajava,
1382,357,nakaz,
1383,341,dovidka,
1384,602,dovidka,
1385,519,dovidka,
1386,407,dovidka,
1387,208,dovidka,
1388,293,dovidka,
1389,132,nakaz,
1390,200,nakaz,
1391,1007,zajava,
1392,184,dovidka,
1393,896,nakaz,
1394,987,dovidka,
1395,322,nakaz,
1396,516,zajava,
1397,976,nakaz,
1398,647,nakaz,
1399,804,dovidka,
1400,940,nakaz,
1401,434,nakaz,
1402,975,zajava,
1403,773,zajava,
1404,893,dovidka,
1405,225,nakaz,
1406,615,nakaz,
1407,821,zajava,
1408,850,dovidka,
1409,376,nakaz,
1410,261,zajava,
1411,267,dovidka,
1412,127,zajava,
1413,755,dovidka,
1414,179,dovidka,
1415,773,zajava,
1416,345,dovidka,
1417,195,zajava,
1418,983,dovidka,
1419,424,dovidka,
1420,961,nakaz,
1421,750,dovidka,
1422,326,zajava,
1423,442,nakaz,
1424,23,dovidka,
1425,674,nakaz,
1426,733,zajava,
1427,674,zajava,
1428,83,nakaz,
1429,876,zajava,
1430,775,dovidka,
1431,14,nakaz,
1432,243,zajava,
1433,569,dovidka,
1434,294,nakaz,
1435,109,dovidka,
1436,1014,zajava,
1437,847,dovidka,
1438,655,dovidka,
1439,655,dovidka,
1440,491,zajava,
1441,952,zajava,
1442,797,zajava,
1443,630,dovidka,
1444,397,zajava,
1445,372,nakaz,
1446,509,nakaz,
1447,406,zajava,
1448,449,zajava,
1449,676,nakaz,
1450,639,dovidka,
1451,624,zajava,
1452,156,zajava,
1453,668,dovidka,
1454,292,dovidka,
1455,45,zajava,
1456,157,zajava,
1457,560,zajava,
1458,410,nakaz,
1459,321,zajava,
1460,652,dovidka,
1461,729,zajava,
1462,972,dovidka,
1463,71,dovidka,
1464,545,nakaz,
1465,120,zajava,
1466,899,nakaz,
1467,599,nakaz,
1468,714,dovidka,
1469,420,nakaz,
1470,633,zajava,
1471,276,nakaz,
1472,344,nakaz,
1473,684,zajava,
1474,818,zajava,
1475,67,zajava,
1476,900,zajava,
1477,704,dovidka,
1478,522,dovidka,
1479,330,nakaz,
1480,443,nakaz,
1481,485,zajava,
1482,880,dovidka,
1483,212,zajava,
1484,396,dovidka,
1485,261,dovidka,
1486,223,nakaz,
1487,33,dovidka,
1488,954,dovidka,
1489,977,zajava,
1490,394,nakaz,
1491,433,dovidka,
1492,55,dovidka,
1493,329,zajava,
1494,319,nakaz,
1495,120,zajava,
1496,91,nakaz,
1497,641,nakaz,
1498,311,zajava,
1499,999,zajava,
1500,811,nakaz,
1501,563,zajava,
1502,118,dovidka,
1503,909,dovidka,
1504,73,nakaz,
1505,64,nakaz,
1506,290,zajava,
1507,369,dovidka,
1508,296,nakaz,
1509,820,dovidka,
1510,758,dovidka,
1511,759,dovidka,
1512,285,dovidka,
1513,27,dovidka,
1514,139,dovidka,
1515,307,nakaz,
1516,863,dovidka,
1517,869,zajava,
1518,350,zajava,
1519,463,nakaz,
1520,72,dovidka,
1521,878,nakaz,
1522,971,dovidka,
1523,567,zajava,
1524,818,dovidka,
1525,636,nakaz,
1526,249,dovidka,
1527,831,dovidka,
1528,610,dovidka,
1529,699,dovidka,
1530,686,zajava,
1531,1005,zajava,
1532,529,zajava,
1533,617,nakaz,
1534,978,nakaz,
1535,134,nakaz,
1536,316,zajava,
1537,272,nakaz,
1538,718,dovidka,
1539,452,dovidka,
1540,515,dovidka,
1541,247,zajava,
1542,350,nakaz,
1543,497,dovidka,
1544,580,nakaz,
1545,244,nakaz,
1546,515,zajava,
1547,47,dovidka,
1548,342,dovidka,
1549,184,dovidka,
1550,915,zajava,
1551,301,nakaz,
1552,187,dovidka,
1553,845,dovidka,
1554,776,nakaz,
1555,729,nakaz,
1556,928,nakaz,
1557,565,zajava,
1558,881,nakaz,
1559,355,dovidka,
1560,675,dovidka,
1561,805,zajava,
1562,450,nakaz,
1563,502,zajava,
1564,256,zajava,
1565,644,dovidka,
1566,336,nakaz,
1567,392,zajava,
1568,581,nakaz,
1569,144,nakaz,
1570,43,nakaz,
1571,452,nakaz,
1572,129,nakaz,
1573,428,zajava,
1574,117,nakaz,
1575,305,nakaz,
1576,346,nakaz,
1577,192,zajava,
1578,249,zajava,
1579,274,dovidka,
1580,914,zajava,
1581,368,dovidka,
1582,464,dovidka,
1583,635,zajava,
1584,524,zajava,
1585,80,nakaz,
1586,998,nakaz,
1587,951,dovidka,
1588,485,nakaz,
1589,520,nakaz,
1590,543,nakaz,
1591,796,nakaz,
1592,207,dovidka,
1593,550,zajava,
1594,96,zajava,
1595,75,dovidka,
1596,413,nakaz,
1597,794,zajava,
1598,760,dovidka,
1599,461,zajava,
1600,536,zajava,
1601,204,zajava,
1602,382,dovidka,
1603,781,nakaz,
1604,779,nakaz,
1605,142,dovidka,
1606,228,nakaz,
1607,197,zajava,
1608,412,dovidka,
1609,575,dovidka,
1610,838,nakaz,
1611,637,dovidka,
1612,676,dovidka,
1613,698,dovidka,
1614,582,zajava,
1615,575,nakaz,
1616,612,zajava,
1617,598,zajava,
1618,733,zajava,
1619,479,dovidka,
1620,748,dovidka,
1621,1010,nakaz,
1622,315,dovidka,
1623,114,zajava,
1624,788,nakaz,
1625,223,dovidka,
1626,471,nakaz,
1627,997,dovidka,
1628,781,nakaz,
1629,831,nakaz,
1630,942,nakaz,
1631,927,nakaz,
1632,501,nakaz,
1633,801,zajava,
1634,309,zajava,
1635,363,nakaz,
1636,903,dovidka,
1637,493,zajava,
1638,290,dovidka,
1639,730,dovidka,
1640,300,zajava,
1641,593,nakaz,
1642,808,nakaz,
1643,108,nakaz,
1644,892,zajava,
1645,930,dovidka,
1646,517,dovidka,
1647,229,nakaz,
1648,621,nakaz,
1649,925,zajava,
1650,241,zajava,
1651,142,nakaz,
1652,393,nakaz,
1653,585,zajava,
1654,427,zajava,
1655,324,nakaz,
1656,77,zajava,
1657,615,dovidka,
1658,265,dovidka,
1659,356,nakaz,
1660,888,zajava,
1661,338,nakaz,
1662,744,dovidka,
1663,471,nakaz,
1664,501,nakaz,
1665,932,dovidka,
1666,68,zajava,
1667,623,nakaz,
1668,334,dovidka,
1669,320,dovidka,
1670,45,dovidka,
1671,810,dovidka,
1672,228,dovidka,
1673,778,dovidka,
1674,107,dovidka,
1675,22,nakaz,
1676,131,zajava,
1677,640,nakaz,
1678,467,dovidka,
1679,641,dovidka,
1680,851,dovidka,
1681,635,zajava,
1682,851,dovidka,
1683,474,zajava,
1684,68,nakaz,
1685,858,zajava,
1686,154,zajava,
1687,174,dovidka,
1688,810,dovidka,
1689,572,zajava,
1690,758,zajava,
1691,877,nakaz,
1692,807,zajava,
1693,435,dovidka,
1694,262,nakaz,
1695,93,zajava,
1696,717,nakaz,
1697,373,zajava,
1698,794,dovidka,
1699,65,zajava,
1700,466,zajava,
1701,466,nakaz,
1702,974,dovidka,
1703,47,zajava,
1704,485,zajava,
1705,296,dovidka,
1706,53,nakaz,
1707,204,zajava,
1708,251,dovidka,
1709,467,dovidka,
1710,696,dovidka,
1711,901,zajava,
1712,242,nakaz,
1713,75,nakaz,
1714,857,nakaz,
1715,903,nakaz,
1716,181,nakaz,
1717,327,zajava,
1718,1007,zajava,
1719,65,dovidka,
1720,817,nakaz,
1721,791,dovidka,
1722,453,dovidka,
1723,781,nakaz,
1724,909,zajava,
1725,948,zajava,
1726,632,zajava,
1727,195,dovidka,
1728,289,nakaz,
1729,1019,nakaz,
1730,147,zajava,
1731,825,nakaz,
1732,939,zajava,
1733,168,zajava,
1734,292,nakaz,
1735,100,dovidka,
1736,510,zajava,
1737,422,zajava,
1738,481,nakaz,
1739,277,zajava,
1740,188,zajava,
1741,764,nakaz,
1742,289,nakaz,
1743,867,zajava,
1744,775,nakaz,
1745,959,dovidka,
1746,399,dovidka,
1747,369,nakaz,
1748,956,nakaz,
1749,617,dovidka,
1750,361,zajava,
1751,400,zajava,
1752,500,zajava,
1753,929,zajava,
1754,515,nakaz,
1755,54,dovidka,
1756,392,zajava,
1757,664,zajava,
1758,606,zajava,
1759,623,zajava,
1760,597,dovidka,
1761,846,dovidka,
1762,631,nakaz,
1763,386,zajava,
1764,251,zajava,
1765,358,dovidka,
1766,193,dovidka,
1767,798,dovidka,
1768,918,zajava,
1769,709,dovidka,
1770,729,zajava,
1771,94,dovidka,
1772,447,zajava,
1773,959,zajava,
1774,301,dovidka,
1775,248,nakaz,
1776,60,zajava,
1777,682,nakaz,
1778,422,dovidka,
1779,415,zajava,
1780,405,nakaz,
1781,567,dovidka,
1782,495,dovidka,
1783,1008,dovidka,
1784,440,zajava,
1785,663,nakaz,
1786,508,zajava,
1787,21,dovidka,
1788,159,nakaz,
1789,910,dovidka,
1790,385,zajava,
1791,222,dovidka,
1792,203,dovidka,
1793,703,nakaz,
1794,502,nakaz,
1795,243,zajava,
1796,754,dovidka,
1797,963,dovidka,
1798,446,zajava,
1799,822,dovidka,
1800,164,dovidka,
1801,217,nakaz,
1802,290,nakaz,
1803,694,dovidka,
1804,95,nakaz,
1805,539,nakaz,
1806,404,zajava,
1807,282,dovidka,
1808,323,nakaz,
1809,3,zajava,
1810,899,nakaz,
1811,461,nakaz,
1812,476,zajava,
1813,145,zajava,
1814,788,nakaz,
1815,950,zajava,
1816,604,nakaz,
1817,726,dovidka,
1818,528,zajava,
1819,843,nakaz,
1820,802,zajava,
1821,652,nakaz,
1822,804,nakaz,
1823,459,dovidka,
1824,261,zajava,
1825,2,zajava,
1826,988,dovidka,
1827,529,nakaz,
1828,349,nakaz,
1829,888,zajava,
1830,658,nakaz,
1831,17,nakaz,
1832,901,nakaz,
1833,215,nakaz,
1834,576,nakaz,
1835,988,nakaz,
1836,668,zajava,
1837,264,nakaz,
1838,524,zajava,
1839,916,zajava,
1840,39,zajava,
1841,122,nakaz,
1842,515,dovidka,
1843,192,zajava,
1844,515,nakaz,
1845,193,zajava,
1846,265,zajava,
1847,494,dovidka,
1848,694,zajava,
1849,761,nakaz,
1850,302,zajava,
1851,479,zajava,
1852,577,nakaz,
1853,282,nakaz,
1854,931,zajava,
1855,105,zajava,
1856,642,zajava,
1857,371,dovidka,
1858,213,zajava,
1859,370,zajava,
1860,786,nakaz,
1861,907,nakaz,
1862,410,zajava,
1863,603,zajava,
1864,127,dovidka,
1865,49,zajava,
1866,169,zajava,
1867,649,dovidka,
1868,512,nakaz,
1869,593,dovidka,
1870,74,zajava,
1871,128,nakaz,
1872,321,zajava,
1873,485,dovidka,
1874,525,nakaz,
1875,330,zajava,
1876,1002,zajava,
1877,388,nakaz,
1878,187,nakaz,
1879,416,dovidka,
1880,688,zajava,
1881,754,zajava,
1882,145,nakaz,
1883,247,dovidka,
1884,1001,nakaz,
1885,811,nakaz,
1886,891,zajava,
1887,221,zajava,
1888,522,zajava,
1889,680,zajava,
1890,331,dovidka,
1891,521,nakaz,
1892,675,nakaz,
1893,750,dovidka,
1894,441,zajava,
1895,508,dovidka,
1896,821,zajava,
1897,364,nakaz,
1898,380,zajava,
1899,199,nakaz,
1900,967,dovidka,
1901,212,nakaz,
1902,757,zajava,
1903,200,dovidka,
1904,307,zajava,
1905,680,dovidka,
1906,741,dovidka,
1907,424,dovidka,
1908,92,nakaz,
1909,523,zajava,
1910,917,dovidka,
1911,935,dovidka,
1912,666,zajava,
1913,738,nakaz,
1914,639,dovidka,
1915,348,zajava,
1916,287,nakaz,
1917,870,nakaz,
1918,705,dovidka,
1919,617,dovidka,
1920,785,zajava,
1921,631,dovidka,
1922,234,nakaz,
1923,839,zajava,
1924,899,dovidka,
1925,416,zajava,
1926,3,dovidka,
1927,404,dovidka,
1928,367,nakaz,
1929,748,nakaz,
1930,485,nakaz,
1931,643,dovidka,
1932,991,nakaz,
1933,192,nakaz,
1934,205,nakaz,
1935,547,nakaz,
1936,5,zajava,
1937,100,zajava,
1938,540,nakaz,
1939,160,dovidka,
1940,83,zajava,
1941,261,dovidka,
1942,480,nakaz,
1943,129,dovidka,
1944,958,dovidka,
1945,481,dovidka,
1946,209,dovidka,
1947,587,zajava,
1948,485,zajava,
1949,924,zajava,
1950,596,zajava,
1951,988,dovidka,
1952,494,dovidka,
1953,632,nakaz,
1954,717,dovidka,
1955,333,zajava,
1956,56,nakaz,
1957,661,dovidka,
1958,205,zajava,
1959,610,dovidka,
1960,789,nakaz,
1961,827,zajava,
1962,124,dovidka,
1963,985,zajava,
1964,940,dovidka,
1965,872,nakaz,
1966,535,dovidka,
1967,729,dovidka,
1968,292,zajava,
1969,344,nakaz,
1970,698,nakaz,
1971,315,zajava,
1972,848,nakaz,
1973,892,nakaz,
1974,26,dovidka,
1975,95,zajava,
1976,521,zajava,
1977,270,dovidka,
1978,967,zajava,
1979,427,zajava,
1980,955,zajava,
1981,70,dovidka,
1982,433,dovidka,
1983,600,dovidka,
1984,152,nakaz,
1985,62,dovidka,
1986,584,dovidka,
1987,14,dovidka,
1988,986,nakaz,
1989,573,zajava,
1990,626,nakaz,
1991,775,nakaz,
1992,235,zajava,
1993,822,nakaz,
1994,457,nakaz,
1995,572,nakaz,
1996,176,zajava,
1997,431,nakaz,
1998,410,zajava,
1999,835,dovidka,
2000,987,nakaz,
2001,819,zajava,
2002,989,dovidka,
2003,668,dovidka,
2004,538,nakaz,
2005,864,nakaz,
2006,620,nakaz,
2007,853,dovidka,
2008,186,dovidka,
2009,346,zajava,
2010,416,zajava,
2011,100,nakaz,
2012,974,zajava,
2013,866,dovidka,
2014,123,dovidka,
2015,606,zajava,
2016,357,dovidka,
2017,696,nakaz,
2018,651,zajava,
2019,926,zajava,
2020,960,dovidka,
2021,153,zajava,
2022,875,dovidka,
2023,760,dovidka,
2024,781,nakaz,
2025,1010,dovidka,
2026,268,zajava,
2027,470,zajava,
2028,291,dovidka,
2029,813,zajava,
2030,649,dovidka,
2031,886,dovidka,
2032,50,zajava,
2033,816,dovidka,
2034,556,dovidka,
2035,228,nakaz,
2036,715,zajava,
2037,841,zajava,
2038,804,zajava,
2039,150,dovidka,
2040,23,nakaz,
2041,74,dovidka,
2042,676,nakaz,
2043,757,nakaz,
2044,590,dovidka,
2045,241,dovidka,
2046,5,zajava,
2047,636,nakaz,
2048,1012,nakaz,
2049,15,dovidka,
2050,92,nakaz,
2051,263,nakaz,
2052,487,zajava,
2053,285,zajava,
2054,381,dovidka,
2055,207,zajava,
2056,1,zajava,
2057,951,nakaz,
2058,606,nakaz,
2059,678,nakaz,
2060,393,dovidka,
2061,767,zajava,
2062,398,nakaz,
2063,917,zajava,
2064,186,zajava,
2065,625,zajava,
2066,17,nakaz,
2067,255,nakaz,
2068,702,dovidka,
2069,52,nakaz,
2070,333,zajava,
2071,651,zajava,
2072,712,nakaz,
2073,719,nakaz,
2074,692,zajava,
2075,518,zajava,
2076,792,zajava,
2077,310,dovidka,
2078,337,zajava,
2079,776,nakaz,
2080,878,dovidka,
2081,439,dovidka,
2082,254,dovidka,
2083,396,nakaz,
2084,794,dovidka,
2085,228,zajava,
2086,811,dovidka,
2087,896,zajava,
2088,374,zajava,
2089,756,nakaz,
2090,762,zajava,
2091,540,nakaz,
2092,908,dovidka,
2093,757,zajava,
2094,905,nakaz,
2095,255,dovidka,
2096,718,nakaz,
2097,978,zajava,
2098,723,dovidka,
2099,678,dovidka,
2100,908,nakaz,
2101,612,zajava,
2102,484,dovidka,
2103,591,nakaz,
2104,504,nakaz,
2105,312,nakaz,
2106,440,dovidka,
2107,233,nakaz,
2108,388,dovidka,
2109,269,zajava,
2110,173,dovidka,
2111,786,dovidka,
2112,822,zajava,
2113,387,nakaz,
2114,385,dovidka,
2115,254,dovidka,
2116,752,dovidka,
2117,167,dovidka,
2118,681,nakaz,
2119,797,dovidka,
2120,223,zajava,
2121,261,zajava,
2122,808,dovidka,
2123,517,nakaz,
2124,568,dovidka,
2125,829,dovidka,
2126,959,zajava,
2127,772,dovidka,
2128,319,dovidka,
2129,444,zajava,
2130,79,zajava,
2131,316,zajava,
2132,752,zajava,
2133,15,nakaz,
2134,573,dovidka,
2135,140,zajava,
2136,612,dovidka,
2137,33,nakaz,
2138,904,zajava,
2139,336,dovidka,
2140,204,nakaz,
2141,969,zajava,
2142,418,nakaz,
2143,942,nakaz,
2144,577,dovidka,
2145,711,zajava,
2146,646,dovidka,
2147,243,dovidka,
2148,843,nakaz,
2149,801,dovidka,
2150,696,nakaz,
2151,466,dovidka,
2152,906,dovidka,
2153,440,zajava,
2154,107,nakaz,
2155,968,zajava,
2156,253,dovidka,
2157,705,nakaz,
2158,336,dovidka,
2159,430,zajava,
2160,19,zajava,
2161,889,zajava,
2162,633,dovidka,
2163,1013,dovidka,
2164,743,nakaz,
2165,466,dovidka,
2166,210,dovidka,
2167,711,zajava,
2168,737,nakaz,
2169,840,zajava,
2170,807,nakaz,
2171,573,dovidka,
2172,879,nakaz,
2173,383,zajava,
2174,945,zajava,
2175,197,zajava,
2176,451,dovidka,
2177,378,nakaz,
2178,29,nakaz,
2179,489,nakaz,
2180,822,nakaz,
2181,580,dovidka,
2182,613,zajava,
2183,1004,nakaz,
2184,764,nakaz,
2185,614,dovidka,
2186,74,zajava,
2187,625,nakaz,
2188,613,zajava,
2189,494,nakaz,
2190,203,zajava,
2191,77,zajava,
2192,974,dovidka,
2193,59,zajava,
2194,612,zajava,
2195,342,dovidka,
2196,529,dovidka,
2197,665,zajava,
2198,228,dovidka,
2199,45,zajava,
2200,506,zajava,
2201,37,zajava,
2202,185,zajava,
2203,66,zajava,
2204,863,nakaz,
2205,493,dovidka,
2206,626,dovidka,
2207,775,dovidka,
2208,417,dovidka,
2209,962,zajava,
2210,760,nakaz,
2211,178,dovidka,
2212,235,zajava,
2213,417,dovidka,
2214,232,zajava,
2215,212,zajava,
2216,795,nakaz,
2217,691,zajava,
2218,26,zajava,
2219,894,dovidka,
2220,88,zajava,
2221,532,zajava,
2222,1016,zajava,
2223,745,zajava,
2224,207,zajava,
2225,430,nakaz,
2226,985,dovidka,
2227,661,dovidka,
2228,5,zajava,
2229,762,zajava,
2230,302,dovidka,
2231,468,zajava,
2232,683,nakaz,
2233,317,zajava,
2234,1017,dovidka,
2235,474,dovidka,
2236,721,nakaz,
2237,768,dovidka,
2238,278,zajava,
2239,73,zajava,
2240,146,nakaz,
2241,993,nakaz,
2242,814,nakaz,
2243,494,nakaz,
2244,685,dovidka,
2245,733,zajava,
2246,124,zajava,
2247,284,dovidka,
2248,653,zajava,
2249,40,nakaz,
2250,454,dovidka,
2251,83,nakaz,
2252,713,dovidka,
2253,665,dovidka,
2254,387,dovidka,
2255,156,zajava,
2256,765,dovidka,
2257,558,zajava,
2258,653,nakaz,
2259,604,nakaz,
2260,542,nakaz,
2261,656,nakaz,
2262,991,zajava,
2263,863,nakaz,
2264,443,dovidka,
2265,270,zajava,
2266,999,dovidka,
2267,441,nakaz,
2268,288,nakaz,
2269,943,zajava,
2270,82,zajava,
2271,781,zajava,
2272,286,dovidka,
2273,2,dovidka,
2274,545,nakaz,
2275,429,dovidka,
2276,461,zajava,
2277,460,dovidka,
2278,758,nakaz,
2279,108,dovidka,
2280,120,zajava,
2281,266,nakaz,
2282,461,zajava,
2283,909,nakaz,
2284,867,nakaz,
2285,716,dovidka,
2286,926,nakaz,
2287,93,zajava,
2288,28,dovidka,
2289,564,zajava,
2290,386,zajava,
2291,864,dovidka,
2292,664,nakaz,
2293,982,dovidka,
2294,316,zajava,
2295,155,zajava,
2296,424,zajava,
2297,390,dovidka,
2298,921,zajava,
2299,670,zajava,
2300,767,zajava,
2301,755,nakaz,
2302,754,nakaz,
2303,770,dovidka,
2304,745,nakaz,
2305,847,dovidka,
2306,839,nakaz,
2307,725,dovidka,
2308,785,zajava,
2309,897,zajava,
2310,42,nakaz,
2311,969,zajava,
2312,642,zajava,
2313,877,nakaz,
2314,505,zajava,
2315,318,nakaz,
2316,462,zajava,
2317,332,zajava,
2318,669,dovidka,
2319,484,zajava,
2320,724,dovidka,
2321,582,dovidka,
2322,323,dovidka,
2323,939,nakaz,
2324,766,zajava,
2325,780,nakaz,
2326,351,nakaz,
2327,674,zajava,
2328,472,nakaz,
2329,486,zajava,
2330,534,dovidka,
2331,739,dovidka,
2332,237,nakaz,
2333,334,zajava,
2334,742,nakaz,
2335,760,dovidka,
2336,751,nakaz,
2337,719,zajava,
2338,631,nakaz,
2339,317,dovidka,
2340,599,zajava,
2341,985,dovidka,
2342,10,nakaz,
2343,898,dovidka,
2344,705,zajava,
2345,340,nakaz,
2346,307,nakaz,
2347,364,zajava,
2348,553,dovidka,
2349,636,nakaz,
2350,76,nakaz,
2351,351,zajava,
2352,717,nakaz,
2353,643,dovidka,
2354,733,dovidka,
2355,571,nakaz,
2356,476,zajava,
2357,789,zajava,
2358,435,nakaz,
2359,881,dovidka,
2360,744,nakaz,
2361,249,nakaz,
2362,261,dovidka,
2363,932,dovidka,
2364,678,zajava,
2365,79,zajava,
2366,927,nakaz,
2367,858,zajava,
2368,324,dovidka,
2369,976,nakaz,
2370,887,zajava,
2371,534,zajava,
2372,95,zajava,
2373,199,nakaz,
2374,1021,dovidka,
2375,200,dovidka,
2376,156,zajava,
2377,148,dovidka,
2378,422,dovidka,
2379,445,dovidka,
2380,356,nakaz,
2381,838,nakaz,
2382,373,zajava,
2383,980,dovidka,
2384,197,dovidka,
2385,215,zajava,
2386,819,zajava,
2387,200,dovidka,
2388,269,dovidka,
2389,816,dovidka,
2390,737,dovidka,
2391,232,dovidka,
2392,167,zajava,
2393,141,dovidka,
2394,482,nakaz,
2395,10,nakaz,
2396,329,dovidka,
2397,874,zajava,
2398,192,nakaz,
2399,358,zajava,
2400,68,zajava,
2401,46,dovidka,
2402,308,dovidka,
2403,706,zajava,
2404,713,dovidka,
2405,199,dovidka,
2406,795,zajava,
2407,626,zajava,
2408,766,dovidka,
2409,785,nakaz,
2410,330,zajava,
2411,180,nakaz,
2412,626,nakaz,
2413,977,nakaz,
2414,206,nakaz,
2415,880,dovidka,
2416,870,dovidka,
2417,999,dovidka,
2418,127,dovidka,
2419,638,zajava,
2420,117,dovidka,
2421,216,dovidka,
2422,778,nakaz,
2423,386,nakaz,
2424,535,zajava,
2425,839,nakaz,
2426,696,nakaz,
2427,405,nakaz,
2428,571,dovidka,
2429,100,zajava,
2430,505,dovidka,
2431,815,zajava,
2432,334,dovidka,
2433,87,zajava,
2434,443,dovidka,
2435,884,zajava,
2436,327,zajava,
2437,452,zajava,
2438,122,nakaz,
2439,968,zajava,
2440,38,nakaz,
2441,262,nakaz,
2442,833,nakaz,
2443,965,zajava,
2444,780,nakaz,
2445,544,dovidka,
2446,116,zajava,
2447,73,nakaz,
2448,331,nakaz,
2449,493,zajava,
2450,664,zajava,
2451,241,nakaz,
2452,841,zajava,
2453,982,zajava,
2454,136,zajava,
2455,113,nakaz,
2456,1022,nakaz,
2457,515,nakaz,
2458,480,dovidka,
2459,349,dovidka,
2460,1000,zajava,
2461,745,dovidka,
2462,941,dovidka,
2463,901,dovidka,
2464,733,zajava,
2465,484,nakaz,
2466,841,zajava,
2467,921,zajava,
2468,359,zajava,
2469,787,nakaz,
2470,807,nakaz,
2471,515,nakaz,
2472,849,dovidka,
2473,137,dovidka,
2474,249,zajava,
2475,415,zajava,
2476,459,zajava,
2477,790,dovidka,
2478,972,dovidka,
2479,238,zajava,
2480,410,zajava,
2481,246,zajava,
2482,738,zajava,
2483,484,dovidka,
2484,516,nakaz,
2485,945,zajava,
2486,669,zajava,
2487,934,zajava,
2488,422,nakaz,
2489,373,dovidka,
2490,220,dovidka,
2491,218,zajava,
2492,254,dovidka,
2493,234,nakaz,
2494,982,dovidka,
2495,825,dovidka,
2496,812,dovidka,
2497,72,dovidka,
2498,363,nakaz,
2499,393,zajava,
2500,707,nakaz,
2501,564,dovidka,
2502,398,zajava,
2503,843,zajava,
2504,984,zajava,
2505,349,dovidka,
2506,932,zajava,
2507,23,nakaz,
2508,541,zajava,
2509,367,nakaz,
2510,943,nakaz,
2511,265,dovidka,
2512,458,zajava,
2513,513,zajava,
2514,17,dovidka,
2515,86,zajava,
2516,543,zajava,
2517,713,dovidka,
2518,49,nakaz,
2519,312,dovidka,
2520,329,dovidka,
2521,357,dovidka,
2522,387,dovidka,
2523,243,nakaz,
2524,364,zajava,
2525,585,dovidka,
2526,39,nakaz,
2527,170,zajava,
2528,526,dovidka,
2529,722,dovidka,
2530,220,dovidka,
2531,83,dovidka,
2532,885,nakaz,
2533,520,zajava,
2534,232,dovidka,
2535,110,dovidka,
2536,1009,zajava,
2537,493,nakaz,
2538,539,zajava,
2539,482,dovidka,
2540,421,zajava,
2541,19,nakaz,
2542,456,dovidka,
2543,136,zajava,
2544,513,zajava,
2545,455,nakaz,
2546,842,dovidka,
2547,161,dovidka,
2548,604,zajava,
2549,369,dovidka,
2550,621,nakaz,
2551,902,zajava,
2552,271,nakaz,
2553,742,dovidka,
2554,473,zajava,
2555,20,zajava,
2556,34,zajava,
2557,52,nakaz,
2558,324,dovidka,
2559,319,zajava,
2560,579,dovidka,
2561,942,nakaz,
2562,921,zajava,
2563,424,dovidka,
2564,187,zajava,
2565,671,dovidka,
2566,1021,nakaz,
2567,345,dovidka,
2568,233,dovidka,
2569,89,dovidka,
2570,141,dovidka,
2571,469,dovidka,
2572,939,dovidka,
2573,453,nakaz,
2574,443,nakaz,
2575,840,nakaz,
2576,693,nakaz,
2577,592,dovidka,
2578,997,zajava,
2579,13,zajava,
2580,237,nakaz,
2581,505,dovidka,
2582,840,nakaz,
2583,299,nakaz,
2584,486,zajava,
2585,775,nakaz,
2586,100,nakaz,
2587,2,zajava,
2588,776,nakaz,
2589,539,dovidka,
2590,748,zajava,
2591,671,nakaz,
2592,384,zajava,
2593,1008,nakaz,
2594,834,nakaz,
2595,302,zajava,
2596,495,nakaz,
2597,217,zajava,
2598,169,nakaz,
2599,533,zajava,
2600,559,zajava,
2601,638,nakaz,
2602,944,zajava,
2603,702,dovidka,
2604,422,zajava,
2605,545,dovidka,
2606,631,dovidka,
2607,568,zajava,
2608,755,zajava,
2609,734,dovidka,
2610,697,nakaz,
2611,138,nakaz,
2612,566,zajava,
2613,502,zajava,
2614,552,dovidka,
2615,645,zajava,
2616,40,nakaz,
2617,926,nakaz,
2618,352,zajava,
2619,120,nakaz,
2620,193,nakaz,
2621,714,zajava,
2622,689,nakaz,
2623,130,nakaz,
2624,186,zajava,
2625,515,nakaz,
2626,446,dovidka,
2627,516,zajava,
2628,1020,nakaz,
2629,62,zajava,
2630,926,nakaz,
2631,713,nakaz,
2632,26,zajava,
2633,47,zajava,
2634,95,nakaz,
2635,718,dovidka,
2636,360,nakaz,
2637,366,zajava,
2638,409,nakaz,
2639,388,nakaz,
2640,995,nakaz,
2641,413,nakaz,
2642,416,dovidka,
2643,764,dovidka,
2644,1020,nakaz,
2645,293,zajava,
2646,652,zajava,
2647,1008,nakaz,
2648,269,nakaz,
2649,669,zajava,
2650,782,nakaz,
2651,890,nakaz,
2652,109,nakaz,
2653,919,dovidka,
2654,869,zajava,
2655,591,dovidka,
2656,629,dovidka,
2657,214,nakaz,
2658,267,zajava,
2659,308,nakaz,
2660,197,zajava,
2661,373,zajava,
2662,50,nakaz,
2663,1010,nakaz,
2664,15,dovidka,
2665,277,nakaz,
2666,924,dovidka,
2667,46,dovidka,
2668,740,dovidka,
2669,382,dovidka,
2670,452,zajava,
2671,883,zajava,
2672,972,nakaz,
2673,839,dovidka,
2674,677,dovidka,
2675,145,zajava,
2676,686,nakaz,
2677,242,nakaz,
2678,856,zajava,
2679,118,zajava,
2680,700,zajava,
2681,536,zajava,
2682,111,zajava,
2683,439,dovidka,
2684,858,dovidka,
2685,302,dovidka,
2686,635,zajava,
2687,114,zajava,
2688,324,zajava,
2689,341,zajava,
2690,544,zajava,
2691,346,nakaz,
2692,313,dovidka,
2693,812,zajava,
2694,68,zajava,
2695,885,nakaz,
2696,492,zajava,
2697,752,nakaz,
2698,913,dovidka,
2699,833,zajava,
2700,775,zajava,
2701,968,dovidka,
2702,251,dovidka,
2703,167,dovidka,
2704,596,dovidka,
2705,57,zajava,
2706,1022,dovidka,
2707,146,nakaz,
2708,447,zajava,
2709,811,nakaz,
2710,517,nakaz,
2711,384,dovidka,
2712,327,dovidka,
2713,2,dovidka,
2714,318,zajava,
2715,142,dovidka,
2716,254,zajava,
2717,39,dovidka,
2718,119,zajava,
2719,167,zajava,
2720,682,zajava,
2721,735,dovidka,
2722,857,nakaz,
2723,323,zajava,
2724,635,zajava,
2725,844,dovidka,
2726,1015,dovidka,
2727,622,dovidka,
2728,327,nakaz,
2729,843,dovidka,
2730,65,nakaz,
2731,707,zajava,
2732,340,nakaz,
2733,908,dovidka,
2734,540,zajava,
2735,654,nakaz,
2736,321,zajava,
2737,910,zajava,
2738,933,dovidka,
2739,484,zajava,
2740,107,dovidka,
2741,769,nakaz,
2742,526,nakaz,
2743,608,dovidka,
2744,182,nakaz,
2745,897,dovidka,
2746,498,nakaz,
2747,948,nakaz,
2748,850,zajava,
2749,950,nakaz,
2750,454,zajava,
2751,934,zajava,
2752,921,dovidka,
2753,458,dovidka,
2754,195,nakaz,
2755,82,zajava,
2756,59,nakaz,
2757,783,dovidka,
2758,754,zajava,
2759,450,zajava,
2760,117,dovidka,
2761,31,zajava,
2762,253,zajava,
2763,765,nakaz,
2764,721,zajava,
2765,713,zajava,
2766,509,nakaz,
2767,771,nakaz,
2768,188,zajava,
2769,627,zajava,
2770,593,nakaz,
2771,34,zajava,
2772,92,nakaz,
2773,212,nakaz,
2774,61,dovidka,
2775,989,dovidka,
2776,589,nakaz,
2777,448,nakaz,
2778,1006,dovidka,
2779,472,dovidka,
2780,360,nakaz,
2781,339,zajava,
2782,340,zajava,
2783,746,dovidka,
2784,942,zajava,
2785,377,dovidka,
2786,947,zajava,
2787,278,dovidka,
2788,966,zajava,
2789,803,zajava,
2790,646,zajava,
2791,672,zajava,
2792,12,dovidka,
2793,1001,dovidka,
2794,779,nakaz,
2795,810,dovidka,
2796,797,dovidka,
2797,486,dovidka,
2798,26,nakaz,
2799,318,dovidka,
2800,97,nakaz,
2801,596,nakaz,
2802,621,nakaz,
2803,173,dovidka,
2804,361,nakaz,
2805,577,zajava,
2806,269,nakaz,
2807,528,zajava,
2808,197,zajava,
2809,977,zajava,
2810,596,nakaz,
2811,714,nakaz,
2812,353,dovidka,
2813,367,zajava,
2814,145,nakaz,
2815,988,dovidka,
2816,812,zajava,
2817,191,dovidka,
2818,332,dovidka,
2819,914,nakaz,
2820,764,dovidka,
2821,831,nakaz,
2822,993,dovidka,
2823,475,nakaz,
2824,404,nakaz,
2825,623,zajava,
2826,484,zajava,
2827,343,dovidka,
2828,332,zajava,
2829,793,zajava,
2830,991,dovidka,
2831,278,dovidka,
2832,943,dovidka,
2833,316,zajava,
2834,549,zajava,
2835,963,nakaz,
2836,815,dovidka,
2837,956,dovidka,
2838,29,nakaz,
2839,501,zajava,
2840,91,zajava,
2841,988,nakaz,
2842,711,dovidka,
2843,291,dovidka,
2844,610,zajava,
2845,526,dovidka,
2846,599,dovidka,
2847,945,dovidka,
2848,488,dovidka,
2849,285,dovidka,
2850,518,nakaz,
2851,45,dovidka,
2852,58,zajava,
2853,578,dovidka,
2854,136,nakaz,
2855,309,dovidka,
2856,631,zajava,
2857,397,dovidka,
2858,483,nakaz,
2859,942,zajava,
2860,300,nakaz,
2861,338,zajava,
2862,786,dovidka,
2863,376,dovidka,
2864,67,zajava,
2865,175,nakaz,
2866,506,dovidka,
2867,882,dovidka,
2868,494,dovidka,
2869,21,nakaz,
2870,588,dovidka,
2871,907,dovidka,
2872,750,nakaz,
2873,635,nakaz,
2874,962,nakaz,
2875,903,zajava,
2876,647,nakaz,
2877,879,nakaz,
2878,500,nakaz,
2879,811,dovidka,
2880,85,nakaz,
2881,430,dovidka,
2882,9,zajava,
2883,509,zajava,
2884,370,dovidka,
2885,998,nakaz,
2886,163,zajava,
2887,800,dovidka,
2888,927,zajava,
2889,806,zajava,
2890,306,zajava,
2891,1004,zajava,
2892,163,zajava,
2893,404,zajava,
2894,693,zajava,
2895,654,zajava,
2896,137,dovidka,
2897,589,zajava,
2898,106,zajava,
2899,174,dovidka,
2900,426,zajava,
2901,19,dovidka,
2902,745,dovidka,
2903,441,dovidka,
2904,252,dovidka,
2905,286,nakaz,
2906,608,nakaz,
2907,567,nakaz,
2908,241,dovidka,
2909,645,dovidka,
2910,667,zajava,
2911,725,zajava,
2912,481,nakaz,
2913,901,dovidka,
2914,693,nakaz,
2915,1004,zajava,
2916,463,zajava,
2917,575,nakaz,
2918,1005,zajava,
2919,181,nakaz,
2920,943,dovidka,
2921,440,nakaz,
2922,511,dovidka,
2923,824,dovidka,
2924,419,dovidka,
2925,844,nakaz,
2926,338,zajava,
2927,658,zajava,
2928,768,nakaz,
2929,744,zajava,
2930,679,dovidka,
2931,566,dovidka,
2932,868,nakaz,
2933,322,dovidka,
2934,578,zajava,
2935,416,nakaz,
2936,54,nakaz,
2937,713,nakaz,
2938,500,nakaz,
2939,396,dovidka,
2940,329,dovidka,
2941,1013,nakaz,
2942,560,dovidka,
2943,2,zajava,
2944,912,zajava,
2945,626,nakaz,
2946,769,zajava,
2947,469,nakaz,
2948,640,nakaz,
2949,631,zajava,
2950,758,dovidka,
2951,598,nakaz,
2952,763,zajava,
2953,847,zajava,
2954,318,nakaz,
2955,736,nakaz,
2956,711,nakaz,
2957,323,nakaz,
2958,834,dovidka,
2959,57,dovidka,
2960,888,dovidka,
2961,30,zajava,
2962,743,nakaz,
2963,217,nakaz,
2964,736,zajava,
2965,605,nakaz,
2966,743,zajava,
2967,203,nakaz,
2968,189,dovidka,
2969,420,zajava,
2970,874,dovidka,
2971,13,dovidka,
2972,1,nakaz,
2973,521,nakaz,
2974,245,zajava,
2975,741,zajava,
2976,670,nakaz,
2977,21,dovidka,
2978,1001,dovidka,
2979,1003,dovidka,
2980,257,zajava,
2981,451,dovidka,
2982,810,zajava,
2983,766,nakaz,
2984,804,zajava,
2985,461,dovidka,
2986,805,zajava,
2987,572,nakaz,
2988,971,zajava,
2989,11,dovidka,
2990,301,zajava,
2991,665,zajava,
2992,67,nakaz,
2993,39,zajava,
2994,739,dovidka,
2995,634,dovidka,
2996,509,nakaz,
2997,80,dovidka,
2998,157,zajava,
2999,819,dovidka,
3000,689,nakaz,
